<?xml version="1.0" encoding="UTF-8"?>
<beans xmlns="http://www.springframework.org/schema/beans"
       xmlns:xsi="http://www.w3.org/2001/XMLSchema-instance"
       xmlns:inf-spring="http://www.express-scripts.com/schema/inf/spring"
       xmlns:cloud="http://www.springframework.org/schema/cloud"
       xsi:schemaLocation="
       	http://www.springframework.org/schema/beans http://www.springframework.org/schema/beans/spring-beans.xsd
       	http://www.express-scripts.com/schema/inf/spring http://www.express-scripts.com/schema/inf/spring/inf-spring.xsd
       	http://www.springframework.org/schema/cloud http://www.springframework.org/schema/cloud/spring-cloud.xsd">

<!-- 
	<bean class="org.jasypt.spring31.properties.EncryptablePropertyPlaceholderConfigurer" >
		<constructor-arg ref="hostJasyptStringEncryptor" />
		<property name="placeholderPrefix" value="$ENV{"/>
		<property name="systemPropertiesModeName" value="SYSTEM_PROPERTIES_MODE_OVERRIDE"/>
  	</bean>
  	-->
  	
  	<cloud:properties id="cloudProperties"/>
  	
  	<bean id="propPrinter" class="test.PropertyPrinter">
  		<property name="properties" ref="cloudProperties"/>
  	</bean>
  	
  	<bean class="org.springframework.beans.factory.config.PropertyPlaceholderConfigurer" depends-on="propPrinter">
		<property name="location" value="${PROPS_FILE}"/>
		<property name="properties" ref="cloudProperties"/>
  	</bean>
	
</beans>