<?xml version="1.0" encoding="UTF-8"?>

<!--
This is a convenience context that can be used for services that have a single data source.

If your service has multiple data sources then you can not use this file.  You should use it as an example
for creating your on datasource-context.xml spring config with multiple data sources defined. Don't forget to
change the property names.

-->

<beans xmlns="http://www.springframework.org/schema/beans"
       xmlns:xsi="http://www.w3.org/2001/XMLSchema-instance"
       xsi:schemaLocation="
       http://www.springframework.org/schema/beans http://www.springframework.org/schema/beans/spring-beans.xsd">


	<!-- In order to support XA, we proxy our real DataSource, oraDataSource, with the
	JBoss transactional driver.  Our Hibernate session factory will get injected with this
	DataSource. -->
	<bean id="dataSource" class="oracle.ucp.jdbc.PoolDataSourceFactory" factory-method="getPoolDataSource">
        <property name="connectionFactoryClassName" value="oracle.jdbc.pool.OracleDataSource"/>
        <!-- <property name="connectionFactoryClassName" value="com.mysql.jdbc.jdbc2.optional.MysqlDataSource"/> -->
        <property name="URL" value="${com.express_scripts.app.datasource.url}"/>
        <property name="user" value="${com.express_scripts.app.datasource.user}"/>
        <property name="password" value="${com.express_scripts.app.datasource.password}"/>
        <property name="connectionPoolName" value="oracle-${com.express_scripts.app.datasource.serviceName}-${cloud.services.esidb.connection.username}"/>
        <property name="initialPoolSize" value="${com.express_scripts.app.datasource.initialPoolSize}"/>
        <property name="minPoolSize" value="${com.express_scripts.app.datasource.minPoolSize}"/>
        <property name="maxPoolSize" value="${com.express_scripts.app.datasource.maxPoolSize}"/>
        <property name="maxStatements" value="${com.express_scripts.app.datasource.maxStatements}"/>
        <property name="fastConnectionFailoverEnabled" value="${com.express_scripts.app.datasource.fastConnectionFailoverEnabled}"/>
        <property name="maxIdleTime" value="${com.express_scripts.app.datasource.maxIdleTime}"/>
        <property name="connectionWaitTimeout" value="${com.express_scripts.app.datasource.connectionWaitTimeout}"/>
        <property name="validateConnectionOnBorrow" value="${com.express_scripts.app.datasource.validateConnectionOnBorrow}"/>
        <property name="ONSConfiguration" value="${com.express_scripts.app.datasource.ONSConfiguration}"/>
	</bean>

</beans>