<assembly xmlns="http://maven.apache.org/plugins/maven-assembly-plugin/assembly/1.1.3"
	xmlns:xsi="http://www.w3.org/2001/XMLSchema-instance"
	xsi:schemaLocation="http://maven.apache.org/plugins/maven-assembly-plugin/assembly/1.1.3 http://maven.apache.org/xsd/assembly-1.1.3.xsd">
	<id>edrop</id>
	<formats>
		<format>zip</format>
	</formats>
	<includeBaseDirectory>false</includeBaseDirectory>
	<fileSets>
		<fileSet>
			<directory>src/main/edrop</directory>
			<outputDirectory>/</outputDirectory>
		</fileSet>
		<fileSet>
			<directory>src/main/pbd</directory>
			<outputDirectory>/pbd</outputDirectory>
		</fileSet>
		<fileSet>
			<directory>${project.build.directory}</directory>
			<outputDirectory>/</outputDirectory>
			<includes>
				<include>${project.build.finalName}.jar</include>
			</includes>
		</fileSet>
	</fileSets>
</assembly>