<?xml version="1.0" encoding="UTF-8"?>
<beans xmlns="http://www.springframework.org/schema/beans"
	xmlns:xsi="http://www.w3.org/2001/XMLSchema-instance" xmlns:aop="http://www.springframework.org/schema/aop"
	xsi:schemaLocation="
       http://www.springframework.org/schema/beans http://www.springframework.org/schema/beans/spring-beans.xsd
       http://www.springframework.org/schema/aop http://www.springframework.org/schema/aop/spring-aop.xsd">

	<aop:config>
		<aop:pointcut id="genericDaoMethods" expression="execution(* com.express_scripts.inf.dao.hibernate.GenericDaoHibernate.*(..))" />
		<aop:pointcut id="daoMethods" expression="execution(* com.esrx.services.prescriber_access_management.dao.impl.*DaoImpl.*(..))" />
		<aop:pointcut id="implMethods" expression="execution(* com.esrx.services.prescriber_access_management..*ResourceImpl.*(..))" />
    	<aop:pointcut id="boMethods" expression="execution(* com.esrx.services.prescriber_access_management..*BoImpl.*(..))"  />

		<aop:advisor advice-ref="txAdvice" pointcut-ref="boMethods" order="2"/>
        <aop:advisor advice-ref="txAdvice" pointcut-ref="implMethods" order="2"/>
        
        <aop:aspect ref="loggingAspect" order="1">
            <aop:around method="log" pointcut-ref="boMethods"/>
            <aop:around method="log" pointcut-ref="daoMethods"/>
            <aop:around method="log" pointcut-ref="genericDaoMethods"/>
            <aop:around method="log" pointcut-ref="implMethods"/>
        </aop:aspect>
        
        <aop:aspect ref="methodNameCaptureAspect" order="0">
			<aop:before method="log" pointcut-ref="boMethods" />
		</aop:aspect>
  	</aop:config>
</beans>
