<?xml version="1.0" encoding="UTF-8"?>
<beans xmlns="http://www.springframework.org/schema/beans"
       xmlns:xsi="http://www.w3.org/2001/XMLSchema-instance"
       xmlns:tx="http://www.springframework.org/schema/tx"
       xsi:schemaLocation="
       http://www.springframework.org/schema/beans http://www.springframework.org/schema/beans/spring-beans.xsd
       http://www.springframework.org/schema/tx http://www.springframework.org/schema/tx/spring-tx.xsd">


	<tx:advice id="txAdvice" transaction-manager="txManager" >
    	<tx:attributes>
      		<tx:method name="find*" read-only="true" propagation="SUPPORTS"/>
      		<tx:method name="get*" read-only="true" propagation="SUPPORTS"/>
      		<tx:method name="*" propagation="REQUIRED" />
    	</tx:attributes>
  	</tx:advice> 	
  	
  	<bean id="txManager" class="org.springframework.orm.hibernate3.HibernateTransactionManager" >
		<property name="dataSource" ref="dataSource" /> 
		<property name="sessionFactory" ref="sessionFactory" /> 
	</bean>

</beans>